2.2976e-05,2.0931e-05,1.7726e-05,1.9207e-05,1.602e-05,1.4738e-05,1.3184e-05,1.3169e-05,1.257e-05,1.1708e-05,1.2085e-05,1.188e-05,1.1998e-05,1.1365e-05,1.101e-05,1.0956e-05,1.0407e-05,1.0765e-05,9.6518e-06,NaN,NaN,NaN,NaN,NaN,NaN,NaN,NaN,NaN,NaN,NaN,NaN,NaN,NaN,NaN,NaN,NaN,NaN,NaN,NaN,NaN,NaN,NaN,NaN,NaN,NaN,NaN,NaN,NaN,NaN,NaN,NaN,NaN,NaN,NaN,NaN,NaN,NaN,NaN,NaN,NaN,NaN,NaN,NaN,NaN,NaN,NaN,NaN,NaN,NaN,NaN,NaN,NaN,NaN,NaN
NaN,NaN,NaN,1.0232e-05,NaN,9.7317e-06,7.4583e-06,8.6244e-06,9.0275e-06,9.6046e-06,8.3649e-06,8.3249e-06,8.7889e-06,9.5966e-06,9.0259e-06,7.9072e-06,9.0505e-06,6.9578e-06,9.8978e-06,9.8593e-06,NaN,NaN,NaN,NaN,NaN,NaN,NaN,NaN,NaN,NaN,NaN,NaN,NaN,NaN,NaN,NaN,NaN,NaN,NaN,NaN,NaN,NaN,NaN,NaN,NaN,NaN,NaN,NaN,NaN,NaN,NaN,NaN,NaN,NaN,NaN,NaN,NaN,NaN,NaN,NaN,NaN,NaN,NaN,NaN,NaN,NaN,NaN,NaN,NaN,NaN,NaN,NaN,NaN,NaN
4.6468e-05,3.2194e-05,2.7365e-05,3.4851e-05,2.2733e-05,2.3687e-05,2.2325e-05,2.5116e-05,1.841e-05,1.9199e-05,1.5611e-05,1.7283e-05,1.8852e-05,1.9212e-05,1.7936e-05,1.3918e-05,1.8838e-05,2.8705e-05,1.7847e-05,2.4295e-05,1.8671e-05,1.443e-05,1.7504e-05,1.8724e-05,2.1362e-05,2.2908e-05,2.0091e-05,1.9193e-05,1.5418e-05,1.8225e-05,2.0061e-05,2.1617e-05,1.9779e-05,2.064e-05,2.5517e-05,2.1537e-05,1.852e-05,1.8149e-05,1.6764e-05,1.5043e-05,1.9099e-05,2.1291e-05,1.9855e-05,2.1562e-05,1.9242e-05,2.0177e-05,1.6506e-05,1.5297e-05,1.3027e-05,1.5827e-05,1.5958e-05,1.5217e-05,1.9217e-05,1.2259e-05,NaN,NaN,NaN,NaN,NaN,NaN,NaN,NaN,NaN,NaN,NaN,NaN,NaN,NaN,NaN,NaN,NaN,NaN,NaN,NaN
2.5125e-05,2.506e-05,2.1949e-05,2.0644e-05,1.668e-05,1.3784e-05,1.3498e-05,1.305e-05,1.0955e-05,1.1183e-05,1.0301e-05,1.0267e-05,9.6737e-06,1.1246e-05,NaN,NaN,NaN,NaN,NaN,NaN,NaN,NaN,NaN,NaN,NaN,NaN,NaN,NaN,NaN,NaN,NaN,NaN,NaN,NaN,NaN,NaN,NaN,NaN,NaN,NaN,NaN,NaN,NaN,NaN,NaN,NaN,NaN,NaN,NaN,NaN,NaN,NaN,NaN,NaN,NaN,NaN,NaN,NaN,NaN,NaN,NaN
NaN,NaN,NaN,NaN,NaN,NaN,7.9011e-06,8.1345e-06,8.1016e-06,8.7993e-06,8.5731e-06,8.8579e-06,1.0218e-05,8.6924e-06,9.6098e-06,NaN,NaN,NaN,NaN,NaN,NaN,NaN,NaN,NaN,NaN,NaN,NaN,NaN,NaN,NaN,NaN,NaN,NaN,NaN,NaN,NaN,NaN,NaN,NaN,NaN,NaN,NaN,NaN,NaN,NaN,NaN,NaN,NaN,NaN,NaN,NaN,NaN,NaN,NaN,NaN,NaN,NaN,NaN,NaN,NaN,NaN
5.526e-05,2.7915e-05,3.3663e-05,2.3289e-05,2.2095e-05,2.1952e-05,2.0301e-05,1.7112e-05,1.7454e-05,2.0423e-05,2.1402e-05,1.9237e-05,2.0869e-05,1.9057e-05,3.2082e-05,2.4775e-05,2.1318e-05,2.1249e-05,1.9122e-05,1.7346e-05,2.0051e-05,1.9046e-05,2.0612e-05,2.028e-05,1.8497e-05,1.7079e-05,1.9055e-05,1.8074e-05,1.6524e-05,2.22e-05,1.9171e-05,1.96e-05,1.7986e-05,1.8325e-05,1.5347e-05,1.7383e-05,1.5592e-05,1.6115e-05,1.6093e-05,1.5107e-05,1.4186e-05,1.6608e-05,1.1785e-05,1.3984e-05,1.341e-05,1.1944e-05,NaN,NaN,NaN,NaN,NaN,NaN,NaN,NaN,NaN,NaN,NaN,NaN,NaN,NaN,NaN
3.1527e-05,2.7146e-05,2.3364e-05,2.1242e-05,1.679e-05,1.4831e-05,1.3908e-05,1.1823e-05,1.0985e-05,1.0593e-05,1.0871e-05,1.1315e-05,1.1702e-05,9.7431e-06,8.4413e-06,NaN,NaN,NaN,NaN,NaN,NaN,NaN,NaN,NaN,NaN,NaN,NaN,NaN,NaN,NaN,NaN,NaN,NaN,NaN,NaN,NaN,NaN,NaN,NaN,NaN,NaN,NaN,NaN,NaN,NaN,NaN,NaN,NaN,NaN,NaN,NaN,NaN,NaN,NaN,NaN,NaN,NaN,NaN,NaN,NaN,NaN,NaN,NaN
NaN,NaN,NaN,NaN,NaN,8.7635e-06,8.666e-06,9.0746e-06,9.1475e-06,8.6671e-06,8.5602e-06,9.7271e-06,7.4724e-06,8.9895e-06,9.5908e-06,1.0361e-05,NaN,NaN,NaN,NaN,NaN,NaN,NaN,NaN,NaN,NaN,NaN,NaN,NaN,NaN,NaN,NaN,NaN,NaN,NaN,NaN,NaN,NaN,NaN,NaN,NaN,NaN,NaN,NaN,NaN,NaN,NaN,NaN,NaN,NaN,NaN,NaN,NaN,NaN,NaN,NaN,NaN,NaN,NaN,NaN,NaN,NaN,NaN
5.1551e-05,3.1356e-05,3.0405e-05,2.8936e-05,3.0197e-05,1.9735e-05,3.4368e-05,2.9186e-05,2.2556e-05,1.5645e-05,2.013e-05,2.8095e-05,2.781e-05,3.0622e-05,2.2916e-05,2.2915e-05,2.5045e-05,2.9455e-05,2.9937e-05,2.4481e-05,2.8024e-05,2.968e-05,2.253e-05,2.1861e-05,1.7469e-05,1.5446e-05,2.0021e-05,1.8012e-05,2.7426e-05,2.1165e-05,2.4975e-05,2.0109e-05,1.8434e-05,2.0076e-05,1.9646e-05,1.932e-05,1.7579e-05,1.586e-05,1.7764e-05,1.7905e-05,2.0376e-05,1.5877e-05,1.461e-05,1.4354e-05,1.6612e-05,1.3929e-05,1.5098e-05,NaN,NaN,NaN,NaN,NaN,NaN,NaN,NaN,NaN,NaN,NaN,NaN,NaN,NaN,NaN,NaN
2.8594e-05,2.6995e-05,1.942e-05,1.775e-05,1.5394e-05,1.3581e-05,1.125e-05,1.3052e-05,1.2085e-05,1.1531e-05,1.128e-05,1.1503e-05,1.0032e-05,9.8825e-06,1.0609e-05,1.0015e-05,NaN,NaN,NaN,NaN,NaN,NaN,NaN,NaN,NaN,NaN,NaN,NaN,NaN,NaN,NaN,NaN,NaN,NaN,NaN,NaN,NaN,NaN,NaN,NaN,NaN,NaN,NaN,NaN,NaN,NaN,NaN,NaN,NaN,NaN,NaN,NaN,NaN,NaN,NaN,NaN,NaN,NaN,NaN,NaN,NaN,NaN,NaN,NaN,NaN,NaN,NaN,NaN,NaN,NaN,NaN,NaN,NaN,NaN
NaN,NaN,NaN,NaN,NaN,8.6976e-06,8.9137e-06,8.7077e-06,8.2445e-06,8.658e-06,8.2131e-06,8.1015e-06,8.9772e-06,9.0036e-06,8.2413e-06,8.4823e-06,9.0128e-06,NaN,NaN,NaN,NaN,NaN,NaN,NaN,NaN,NaN,NaN,NaN,NaN,NaN,NaN,NaN,NaN,NaN,NaN,NaN,NaN,NaN,NaN,NaN,NaN,NaN,NaN,NaN,NaN,NaN,NaN,NaN,NaN,NaN,NaN,NaN,NaN,NaN,NaN,NaN,NaN,NaN,NaN,NaN,NaN,NaN,NaN,NaN,NaN,NaN,NaN,NaN,NaN,NaN,NaN,NaN,NaN,NaN
5.6084e-05,5.2594e-05,2.9419e-05,2.268e-05,1.7023e-05,1.859e-05,1.9035e-05,1.887e-05,1.9123e-05,1.8257e-05,1.6257e-05,1.6387e-05,1.8356e-05,1.6891e-05,1.855e-05,2.6803e-05,1.8105e-05,1.6449e-05,3.2483e-05,2.2639e-05,1.9955e-05,2.102e-05,1.6624e-05,1.6933e-05,1.8291e-05,1.8342e-05,1.6682e-05,1.4646e-05,1.7057e-05,1.5946e-05,1.8333e-05,1.7829e-05,1.7382e-05,1.8129e-05,1.521e-05,1.7919e-05,1.9126e-05,1.7654e-05,1.64e-05,1.7782e-05,1.5381e-05,1.6851e-05,1.6356e-05,2.2345e-05,2.0029e-05,1.5716e-05,1.4592e-05,2.2277e-05,2.0441e-05,2.0585e-05,1.9808e-05,1.5851e-05,1.6345e-05,2.0345e-05,1.878e-05,1.6666e-05,1.655e-05,NaN,NaN,NaN,NaN,NaN,NaN,NaN,NaN,NaN,NaN,NaN,NaN,NaN,NaN,NaN,NaN,NaN
2.3984e-05,2.25e-05,2.1003e-05,1.8147e-05,1.4754e-05,1.4473e-05,1.2606e-05,1.2259e-05,1.2373e-05,1.1307e-05,1.1889e-05,1.154e-05,1.178e-05,1.1209e-05,9.9386e-06,NaN,NaN,NaN,NaN,NaN,NaN,NaN,NaN,NaN,NaN,NaN,NaN,NaN,NaN,NaN,NaN,NaN,NaN,NaN,NaN,NaN,NaN,NaN,NaN,NaN,NaN,NaN,NaN,NaN,NaN,NaN,NaN,NaN,NaN,NaN,NaN,NaN,NaN,NaN,NaN,NaN,NaN,NaN,NaN,NaN,NaN,NaN,NaN,NaN,NaN,NaN,NaN,NaN,NaN,NaN,NaN,NaN,NaN,NaN
NaN,NaN,NaN,NaN,NaN,9.0196e-06,8.0346e-06,9.2505e-06,8.8338e-06,9.3485e-06,9.0114e-06,8.0694e-06,8.8925e-06,7.9781e-06,9.5906e-06,9.4708e-06,NaN,NaN,NaN,NaN,NaN,NaN,NaN,NaN,NaN,NaN,NaN,NaN,NaN,NaN,NaN,NaN,NaN,NaN,NaN,NaN,NaN,NaN,NaN,NaN,NaN,NaN,NaN,NaN,NaN,NaN,NaN,NaN,NaN,NaN,NaN,NaN,NaN,NaN,NaN,NaN,NaN,NaN,NaN,NaN,NaN,NaN,NaN,NaN,NaN,NaN,NaN,NaN,NaN,NaN,NaN,NaN,NaN,NaN
5.6144e-05,3.1537e-05,3.0006e-05,1.9438e-05,2.229e-05,2.6121e-05,1.766e-05,2.92e-05,1.8609e-05,3.1132e-05,2.5756e-05,2.0265e-05,1.7176e-05,2.0988e-05,1.829e-05,1.9773e-05,2.3829e-05,1.9726e-05,1.9409e-05,1.769e-05,1.8526e-05,1.9382e-05,2.3093e-05,1.6044e-05,1.7149e-05,2.0055e-05,2.3459e-05,2.231e-05,2.2898e-05,2.0906e-05,2.93e-05,2.4713e-05,2.0524e-05,1.9546e-05,1.5997e-05,1.5735e-05,1.8145e-05,2.158e-05,1.9483e-05,1.7761e-05,1.6951e-05,1.8601e-05,1.6401e-05,1.603e-05,1.4122e-05,1.8995e-05,1.5632e-05,1.6635e-05,1.7521e-05,1.6784e-05,1.6157e-05,1.8753e-05,1.5728e-05,2.0067e-05,1.4512e-05,1.8864e-05,1.7697e-05,1.434e-05,NaN,NaN,NaN,NaN,NaN,NaN,NaN,NaN,NaN,NaN,NaN,NaN,NaN,NaN,NaN,NaN
3.2052e-05,2.8156e-05,2.0443e-05,1.8466e-05,1.5045e-05,1.581e-05,1.3371e-05,1.2656e-05,1.3739e-05,1.2644e-05,1.1828e-05,1.0627e-05,1.1029e-05,1.0165e-05,1.141e-05,NaN,NaN,NaN,NaN,NaN,NaN,NaN,NaN,NaN,NaN,NaN,NaN,NaN,NaN,NaN,NaN,NaN,NaN,NaN,NaN,NaN,NaN,NaN,NaN,NaN,NaN,NaN,NaN,NaN,NaN,NaN,NaN,NaN,NaN,NaN,NaN,NaN
NaN,NaN,NaN,NaN,7.5919e-06,7.3779e-06,4.7718e-06,7.5777e-06,8.8034e-06,8.9043e-06,8.5868e-06,9.0444e-06,9.5018e-06,8.7486e-06,8.6305e-06,8.1056e-06,NaN,NaN,NaN,NaN,NaN,NaN,NaN,NaN,NaN,NaN,NaN,NaN,NaN,NaN,NaN,NaN,NaN,NaN,NaN,NaN,NaN,NaN,NaN,NaN,NaN,NaN,NaN,NaN,NaN,NaN,NaN,NaN,NaN,NaN,NaN,NaN
4.5003e-05,4.0611e-05,2.9045e-05,2.2338e-05,2.2695e-05,1.853e-05,1.7521e-05,2.0756e-05,1.5867e-05,1.4737e-05,2.1431e-05,2.1962e-05,1.6799e-05,1.7441e-05,1.9723e-05,1.8798e-05,1.85e-05,1.864e-05,1.9846e-05,1.8e-05,2.026e-05,1.9089e-05,1.8422e-05,2.0416e-05,1.9869e-05,1.8489e-05,1.8188e-05,1.7884e-05,1.9049e-05,1.8827e-05,1.7873e-05,1.6424e-05,1.5812e-05,1.6494e-05,1.5816e-05,1.2567e-05,NaN,NaN,NaN,NaN,NaN,NaN,NaN,NaN,NaN,NaN,NaN,NaN,NaN,NaN,NaN,NaN
2.2948e-05,2.3092e-05,1.886e-05,1.6932e-05,1.4933e-05,1.4064e-05,1.2843e-05,1.2938e-05,1.1654e-05,1.0771e-05,1.1384e-05,1.0436e-05,1.2031e-05,1.0939e-05,9.9931e-06,1.0917e-05,9.3727e-06,1.1634e-05,8.5887e-06,7.4407e-06,NaN,NaN,NaN,NaN,NaN,NaN,NaN,NaN,NaN,NaN,NaN,NaN,NaN,NaN,NaN,NaN,NaN,NaN,NaN,NaN,NaN,NaN,NaN,NaN,NaN,NaN,NaN,NaN,NaN,NaN,NaN,NaN,NaN,NaN,NaN,NaN,NaN,NaN,NaN,NaN,NaN,NaN,NaN,NaN,NaN,NaN,NaN,NaN,NaN,NaN,NaN
NaN,NaN,NaN,NaN,1.1403e-05,7.2562e-06,7.6834e-06,9.8495e-06,8.2689e-06,9.482e-06,8.0518e-06,9.0825e-06,9.0155e-06,9.9179e-06,8.1958e-06,8.8881e-06,1.1423e-05,7.0623e-06,7.3742e-06,1.1864e-05,5.5858e-06,NaN,NaN,NaN,NaN,NaN,NaN,NaN,NaN,NaN,NaN,NaN,NaN,NaN,NaN,NaN,NaN,NaN,NaN,NaN,NaN,NaN,NaN,NaN,NaN,NaN,NaN,NaN,NaN,NaN,NaN,NaN,NaN,NaN,NaN,NaN,NaN,NaN,NaN,NaN,NaN,NaN,NaN,NaN,NaN,NaN,NaN,NaN,NaN,NaN,NaN
5.7402e-05,3.2162e-05,3.6616e-05,2.0913e-05,2.1686e-05,1.8883e-05,3.3744e-05,2.6094e-05,2.4023e-05,1.7862e-05,2.0504e-05,2.1041e-05,1.8493e-05,2.1804e-05,2.158e-05,2.0106e-05,2.1005e-05,1.8845e-05,2.9582e-05,2.6724e-05,2.2664e-05,2.2758e-05,2.4045e-05,1.8736e-05,2.1292e-05,2.0334e-05,2.0966e-05,2.1921e-05,2.0814e-05,1.9486e-05,1.8e-05,1.8726e-05,1.6971e-05,1.6956e-05,2.1232e-05,2.0015e-05,1.8341e-05,1.4953e-05,1.4914e-05,1.6501e-05,1.4423e-05,1.6168e-05,1.718e-05,1.8514e-05,1.5302e-05,1.7175e-05,1.3351e-05,1.4979e-05,1.5599e-05,1.4931e-05,NaN,NaN,NaN,NaN,NaN,NaN,NaN,NaN,NaN,NaN,NaN,NaN,NaN,NaN,NaN,NaN,NaN,NaN,NaN,NaN,NaN
2.4298e-05,2.4666e-05,1.7721e-05,1.7505e-05,1.4541e-05,1.3503e-05,1.3434e-05,1.4901e-05,1.2198e-05,1.2471e-05,1.1801e-05,1.1996e-05,1.1123e-05,1.1167e-05,1.0698e-05,9.9526e-06,1.0406e-05,NaN,NaN,NaN,NaN,NaN,NaN,NaN,NaN,NaN,NaN,NaN,NaN,NaN,NaN,NaN,NaN,NaN,NaN,NaN,NaN,NaN,NaN,NaN,NaN,NaN,NaN,NaN,NaN,NaN,NaN,NaN,NaN,NaN,NaN,NaN,NaN,NaN,NaN,NaN,NaN,NaN,NaN
NaN,NaN,NaN,8.1137e-06,1.0562e-05,7.2686e-06,1.0762e-05,8.3721e-06,7.506e-06,8.1808e-06,8.2459e-06,7.7543e-06,9.7026e-06,9.1371e-06,7.7478e-06,8.9173e-06,9.2499e-06,8.4192e-06,NaN,NaN,NaN,NaN,NaN,NaN,NaN,NaN,NaN,NaN,NaN,NaN,NaN,NaN,NaN,NaN,NaN,NaN,NaN,NaN,NaN,NaN,NaN,NaN,NaN,NaN,NaN,NaN,NaN,NaN,NaN,NaN,NaN,NaN,NaN,NaN,NaN,NaN,NaN,NaN,NaN
4.6587e-05,4.2802e-05,2.8659e-05,2.6071e-05,2.3596e-05,2.2537e-05,2.1411e-05,2.03e-05,2.1654e-05,1.8852e-05,1.5933e-05,1.53e-05,1.7047e-05,1.7736e-05,1.9324e-05,2.0661e-05,1.9553e-05,1.8276e-05,1.6638e-05,2.5555e-05,2.461e-05,1.8022e-05,2.074e-05,1.9592e-05,1.6989e-05,2.0046e-05,1.5863e-05,2.3958e-05,1.934e-05,1.9479e-05,1.7663e-05,2.07e-05,1.9879e-05,1.8935e-05,1.9427e-05,1.7714e-05,1.5896e-05,1.727e-05,1.9553e-05,1.5763e-05,1.7491e-05,NaN,NaN,NaN,NaN,NaN,NaN,NaN,NaN,NaN,NaN,NaN,NaN,NaN,NaN,NaN,NaN,NaN,NaN
2.8057e-05,2.6081e-05,2.1284e-05,1.7924e-05,1.5671e-05,1.4257e-05,1.3652e-05,1.2101e-05,1.307e-05,1.2585e-05,1.2267e-05,1.1749e-05,1.2451e-05,1.1006e-05,1.0904e-05,9.2892e-06,8.3043e-06,NaN,NaN,NaN,NaN,NaN,NaN,NaN,NaN,NaN,NaN,NaN,NaN,NaN,NaN,NaN,NaN,NaN,NaN,NaN,NaN,NaN,NaN,NaN,NaN,NaN,NaN,NaN,NaN,NaN,NaN,NaN,NaN,NaN,NaN,NaN,NaN,NaN,NaN,NaN,NaN,NaN,NaN,NaN,NaN,NaN,NaN,NaN
NaN,NaN,NaN,NaN,6.3854e-06,8.8119e-06,8.143e-06,8.7847e-06,9.1741e-06,8.0482e-06,7.9284e-06,8.7946e-06,8.1069e-06,8.633e-06,9.0968e-06,9.1213e-06,6.45e-06,9.0093e-06,NaN,NaN,NaN,NaN,NaN,NaN,NaN,NaN,NaN,NaN,NaN,NaN,NaN,NaN,NaN,NaN,NaN,NaN,NaN,NaN,NaN,NaN,NaN,NaN,NaN,NaN,NaN,NaN,NaN,NaN,NaN,NaN,NaN,NaN,NaN,NaN,NaN,NaN,NaN,NaN,NaN,NaN,NaN,NaN,NaN,NaN
4.3953e-05,4.1793e-05,2.9794e-05,2.4451e-05,1.9634e-05,2.0099e-05,1.7355e-05,2.3056e-05,1.8009e-05,2.2139e-05,2.1103e-05,1.9622e-05,1.6138e-05,1.6968e-05,2.0494e-05,1.8045e-05,2.2354e-05,2.3043e-05,1.6804e-05,1.5907e-05,1.4184e-05,1.9641e-05,2.5373e-05,1.8103e-05,2.2791e-05,1.8535e-05,2.4134e-05,2.3437e-05,1.9234e-05,1.9447e-05,1.7044e-05,1.6791e-05,1.6817e-05,1.7516e-05,1.926e-05,1.8104e-05,1.9187e-05,1.7757e-05,1.8367e-05,1.5828e-05,1.5088e-05,1.315e-05,9.6511e-06,1.1733e-05,1.217e-05,1.2242e-05,NaN,NaN,NaN,NaN,NaN,NaN,NaN,NaN,NaN,NaN,NaN,NaN,NaN,NaN,NaN,NaN,NaN,NaN
2.594e-05,2.3139e-05,1.6577e-05,1.6575e-05,1.496e-05,1.414e-05,1.251e-05,1.251e-05,1.153e-05,1.1824e-05,1.3741e-05,1.4103e-05,1.254e-05,1.2365e-05,1.1692e-05,1.1073e-05,1.0412e-05,1.0282e-05,7.5282e-06,NaN,NaN,NaN,NaN,NaN,NaN,NaN,NaN,NaN,NaN,NaN,NaN,NaN,NaN,NaN,NaN,NaN,NaN,NaN,NaN,NaN,NaN,NaN,NaN,NaN,NaN,NaN,NaN,NaN,NaN,NaN,NaN,NaN,NaN,NaN,NaN,NaN,NaN
NaN,NaN,NaN,NaN,1.0449e-05,7.9541e-06,7.878e-06,8.6508e-06,8.3121e-06,8.8308e-06,7.6612e-06,7.7676e-06,7.8534e-06,9.491e-06,8.4028e-06,8.5614e-06,9.9721e-06,9.1128e-06,9.1872e-06,1.1006e-05,NaN,NaN,NaN,NaN,NaN,NaN,NaN,NaN,NaN,NaN,NaN,NaN,NaN,NaN,NaN,NaN,NaN,NaN,NaN,NaN,NaN,NaN,NaN,NaN,NaN,NaN,NaN,NaN,NaN,NaN,NaN,NaN,NaN,NaN,NaN,NaN,NaN
4.9492e-05,3.711e-05,2.7438e-05,2.0236e-05,2.2049e-05,2.8136e-05,2.3162e-05,2.2423e-05,2.4859e-05,2.2767e-05,2.1541e-05,1.7941e-05,2.0008e-05,2.0419e-05,1.8098e-05,2.0885e-05,1.7964e-05,1.7991e-05,1.949e-05,1.7822e-05,1.6704e-05,1.6567e-05,1.5448e-05,1.7444e-05,1.6557e-05,1.9762e-05,1.8458e-05,1.8167e-05,1.7462e-05,1.9652e-05,2.0855e-05,1.6435e-05,1.5956e-05,1.6808e-05,1.6488e-05,1.9771e-05,1.2561e-05,NaN,NaN,NaN,NaN,NaN,NaN,NaN,NaN,NaN,NaN,NaN,NaN,NaN,NaN,NaN,NaN,NaN,NaN,NaN,NaN
2.5709e-05,2.1365e-05,2.0239e-05,1.9155e-05,1.6968e-05,1.4472e-05,1.2174e-05,1.1416e-05,1.1628e-05,1.1035e-05,1.1376e-05,1.1864e-05,1.1417e-05,1.1303e-05,9.5378e-06,1.0063e-05,NaN,NaN,NaN,NaN,NaN,NaN,NaN,NaN,NaN,NaN,NaN,NaN,NaN,NaN,NaN,NaN,NaN,NaN,NaN,NaN,NaN,NaN,NaN,NaN,NaN,NaN,NaN,NaN,NaN,NaN,NaN,NaN,NaN,NaN,NaN,NaN,NaN,NaN,NaN,NaN,NaN,NaN,NaN,NaN,NaN,NaN,NaN
NaN,NaN,NaN,NaN,NaN,NaN,9.0387e-06,8.1913e-06,9.2462e-06,8.5925e-06,9.162e-06,8.4266e-06,8.3368e-06,8.501e-06,8.7671e-06,9.4639e-06,8.4206e-06,NaN,NaN,NaN,NaN,NaN,NaN,NaN,NaN,NaN,NaN,NaN,NaN,NaN,NaN,NaN,NaN,NaN,NaN,NaN,NaN,NaN,NaN,NaN,NaN,NaN,NaN,NaN,NaN,NaN,NaN,NaN,NaN,NaN,NaN,NaN,NaN,NaN,NaN,NaN,NaN,NaN,NaN,NaN,NaN,NaN,NaN
5.0555e-05,4.2093e-05,2.8768e-05,2.2987e-05,3.2311e-05,2.4281e-05,2.3574e-05,1.9134e-05,1.7148e-05,1.8831e-05,1.9582e-05,1.8838e-05,1.8037e-05,1.6835e-05,1.9824e-05,1.8616e-05,1.654e-05,2.1249e-05,1.5938e-05,1.7152e-05,1.8285e-05,2.1973e-05,1.76e-05,1.5272e-05,1.9894e-05,1.6825e-05,2.033e-05,2.1163e-05,1.8691e-05,2.0192e-05,1.7422e-05,1.7956e-05,2.659e-05,2.3526e-05,2.1903e-05,1.8814e-05,1.9581e-05,1.6123e-05,1.6953e-05,2.0447e-05,1.743e-05,1.2771e-05,1.275e-05,1.837e-05,1.7689e-05,1.3352e-05,NaN,NaN,NaN,NaN,NaN,NaN,NaN,NaN,NaN,NaN,NaN,NaN,NaN,NaN,NaN,NaN,NaN
3.0297e-05,2.5982e-05,2.0405e-05,1.7119e-05,1.432e-05,1.5161e-05,1.4263e-05,1.2234e-05,1.177e-05,1.1957e-05,1.0896e-05,1.1215e-05,9.2748e-06,9.0884e-06,NaN,NaN,NaN,NaN,NaN,NaN,NaN,NaN,NaN,NaN,NaN,NaN,NaN,NaN,NaN,NaN,NaN,NaN,NaN,NaN,NaN,NaN,NaN,NaN,NaN,NaN,NaN,NaN,NaN,NaN,NaN,NaN,NaN,NaN
NaN,NaN,NaN,NaN,NaN,9.4896e-06,8.4594e-06,9.5741e-06,9.6949e-06,8.7381e-06,9.2857e-06,8.3495e-06,9.7034e-06,8.3839e-06,7.5674e-06,NaN,NaN,NaN,NaN,NaN,NaN,NaN,NaN,NaN,NaN,NaN,NaN,NaN,NaN,NaN,NaN,NaN,NaN,NaN,NaN,NaN,NaN,NaN,NaN,NaN,NaN,NaN,NaN,NaN,NaN,NaN,NaN,NaN
5.3975e-05,3.2853e-05,3.3425e-05,2.3663e-05,2.4708e-05,1.9634e-05,3.3294e-05,2.4775e-05,1.8719e-05,1.9943e-05,1.931e-05,2.331e-05,2.0119e-05,2.3511e-05,2.1228e-05,1.945e-05,1.6945e-05,1.7893e-05,2.0927e-05,1.6419e-05,1.7218e-05,1.6077e-05,1.7216e-05,1.5683e-05,1.6531e-05,1.6157e-05,1.6039e-05,1.9713e-05,1.8365e-05,2.1422e-05,1.6652e-05,1.4047e-05,1.1214e-05,NaN,NaN,NaN,NaN,NaN,NaN,NaN,NaN,NaN,NaN,NaN,NaN,NaN,NaN,NaN
2.8578e-05,2.4661e-05,2.1672e-05,1.8879e-05,1.7452e-05,1.5005e-05,1.2429e-05,1.3051e-05,1.1776e-05,1.1473e-05,1.1209e-05,1.0492e-05,1.0767e-05,9.3189e-06,9.4161e-06,7.1194e-06,NaN,NaN,NaN,NaN,NaN,NaN,NaN,NaN,NaN,NaN,NaN,NaN,NaN,NaN,NaN,NaN,NaN,NaN,NaN,NaN,NaN,NaN,NaN,NaN,NaN,NaN,NaN,NaN,NaN,NaN,NaN,NaN,NaN,NaN,NaN,NaN,NaN,NaN,NaN
NaN,NaN,NaN,NaN,7.3887e-06,NaN,1.1736e-05,9.1357e-06,9.2338e-06,8.6374e-06,9.2332e-06,9.3049e-06,9.1991e-06,7.2952e-06,7.5535e-06,8.2145e-06,7.5552e-06,NaN,NaN,NaN,NaN,NaN,NaN,NaN,NaN,NaN,NaN,NaN,NaN,NaN,NaN,NaN,NaN,NaN,NaN,NaN,NaN,NaN,NaN,NaN,NaN,NaN,NaN,NaN,NaN,NaN,NaN,NaN,NaN,NaN,NaN,NaN,NaN,NaN,NaN
5.2227e-05,4.4817e-05,2.9074e-05,1.9567e-05,2.2176e-05,2.4699e-05,2.1651e-05,1.8887e-05,1.8099e-05,2.4494e-05,1.6532e-05,2.3983e-05,3.194e-05,2.1104e-05,2.395e-05,1.8648e-05,2.3869e-05,2.1158e-05,1.8675e-05,1.9258e-05,2.1058e-05,1.9544e-05,1.734e-05,1.6646e-05,1.7996e-05,1.9085e-05,1.8975e-05,1.9341e-05,1.7646e-05,1.6682e-05,1.7344e-05,2.3685e-05,1.9274e-05,1.6944e-05,1.8652e-05,1.7845e-05,1.4906e-05,1.1917e-05,NaN,NaN,NaN,NaN,NaN,NaN,NaN,NaN,NaN,NaN,NaN,NaN,NaN,NaN,NaN,NaN,NaN
3.3961e-05,2.9344e-05,2.1701e-05,1.8182e-05,1.5645e-05,1.5537e-05,1.4645e-05,1.2813e-05,1.1724e-05,1.1519e-05,1.0783e-05,1.131e-05,9.9632e-06,1.046e-05,1.0843e-05,9.9861e-06,9.6764e-06,1.104e-05,NaN,NaN,NaN,NaN,NaN,NaN,NaN,NaN,NaN,NaN,NaN,NaN,NaN,NaN,NaN,NaN,NaN,NaN,NaN,NaN,NaN,NaN,NaN,NaN,NaN,NaN,NaN,NaN,NaN,NaN,NaN,NaN,NaN,NaN,NaN,NaN,NaN,NaN,NaN,NaN,NaN,NaN,NaN,NaN
NaN,NaN,NaN,NaN,1.215e-05,1.0602e-05,8.5129e-06,9.2175e-06,9.1762e-06,8.4245e-06,8.9087e-06,8.3836e-06,8.503e-06,7.5671e-06,7.7966e-06,1.04e-05,6.8335e-06,6.8558e-06,9.2528e-06,NaN,NaN,NaN,NaN,NaN,NaN,NaN,NaN,NaN,NaN,NaN,NaN,NaN,NaN,NaN,NaN,NaN,NaN,NaN,NaN,NaN,NaN,NaN,NaN,NaN,NaN,NaN,NaN,NaN,NaN,NaN,NaN,NaN,NaN,NaN,NaN,NaN,NaN,NaN,NaN,NaN,NaN,NaN
7.9301e-05,4.7339e-05,2.9482e-05,2.5797e-05,2.2172e-05,1.8844e-05,1.6847e-05,1.7981e-05,1.7687e-05,2.182e-05,1.8821e-05,1.6353e-05,1.8494e-05,2.0971e-05,1.7848e-05,1.8058e-05,2.0956e-05,1.6897e-05,1.7189e-05,1.6839e-05,1.6052e-05,1.6313e-05,1.4182e-05,1.6713e-05,1.7688e-05,1.7189e-05,1.6414e-05,1.3966e-05,1.5773e-05,1.5596e-05,1.9606e-05,1.7094e-05,1.8772e-05,2.0087e-05,1.0599e-05,1.7715e-05,1.7424e-05,1.8842e-05,1.738e-05,1.397e-05,1.8357e-05,1.2063e-05,1.2116e-05,NaN,NaN,NaN,NaN,NaN,NaN,NaN,NaN,NaN,NaN,NaN,NaN,NaN,NaN,NaN,NaN,NaN,NaN,NaN
2.4505e-05,2.4487e-05,1.9803e-05,1.5912e-05,1.7395e-05,1.5672e-05,1.3063e-05,1.2257e-05,1.1999e-05,1.2138e-05,1.1649e-05,1.1621e-05,1.2065e-05,1.1141e-05,1.1407e-05,8.6234e-06,1.2255e-05,NaN,NaN,NaN,NaN,NaN,NaN,NaN,NaN,NaN,NaN,NaN,NaN,NaN,NaN,NaN,NaN,NaN,NaN,NaN,NaN,NaN,NaN,NaN,NaN,NaN,NaN,NaN,NaN,NaN,NaN,NaN,NaN,NaN,NaN,NaN,NaN,NaN,NaN,NaN,NaN
NaN,NaN,NaN,NaN,1.0091e-05,1.1568e-05,9.9141e-06,8.7071e-06,8.4371e-06,8.6267e-06,9.1092e-06,8.2253e-06,8.7063e-06,7.9891e-06,9.0572e-06,9.131e-06,8.8579e-06,9.3354e-06,NaN,NaN,NaN,NaN,NaN,NaN,NaN,NaN,NaN,NaN,NaN,NaN,NaN,NaN,NaN,NaN,NaN,NaN,NaN,NaN,NaN,NaN,NaN,NaN,NaN,NaN,NaN,NaN,NaN,NaN,NaN,NaN,NaN,NaN,NaN,NaN,NaN,NaN,NaN
8.7322e-05,3.6468e-05,3.8042e-05,3.0824e-05,2.676e-05,1.9415e-05,2.1636e-05,2.1097e-05,2.0262e-05,3.4808e-05,2.7946e-05,2.6595e-05,2.7328e-05,2.2581e-05,1.9576e-05,2.0239e-05,1.6967e-05,1.8123e-05,1.5373e-05,1.6852e-05,1.765e-05,1.9755e-05,1.706e-05,1.9619e-05,1.5773e-05,1.8545e-05,1.8851e-05,2.5984e-05,2.2571e-05,1.9682e-05,1.9296e-05,1.4124e-05,1.7152e-05,1.7644e-05,1.5618e-05,1.3551e-05,1.451e-05,1.6253e-05,1.3196e-05,NaN,NaN,NaN,NaN,NaN,NaN,NaN,NaN,NaN,NaN,NaN,NaN,NaN,NaN,NaN,NaN,NaN,NaN
3.0695e-05,2.4513e-05,2.1548e-05,1.9194e-05,1.5807e-05,1.2743e-05,1.2166e-05,1.2306e-05,1.1208e-05,1.185e-05,1.0957e-05,1.1304e-05,1.047e-05,1.1264e-05,1.171e-05,1.2055e-05,9.6569e-06,9.2957e-06,1.0509e-05,NaN,NaN,NaN,NaN,NaN,NaN,NaN,NaN,NaN,NaN,NaN,NaN,NaN,NaN,NaN,NaN,NaN,NaN,NaN,NaN,NaN,NaN,NaN,NaN,NaN,NaN,NaN,NaN,NaN,NaN,NaN,NaN,NaN,NaN,NaN,NaN,NaN,NaN,NaN,NaN,NaN,NaN,NaN,NaN,NaN,NaN
NaN,NaN,NaN,NaN,NaN,7.5876e-06,8.7794e-06,7.852e-06,9.4009e-06,9.1496e-06,8.8799e-06,8.5273e-06,7.6932e-06,9.4384e-06,9.9407e-06,9.9166e-06,8.0451e-06,7.5994e-06,9.3867e-06,1.1081e-05,NaN,NaN,NaN,NaN,NaN,NaN,NaN,NaN,NaN,NaN,NaN,NaN,NaN,NaN,NaN,NaN,NaN,NaN,NaN,NaN,NaN,NaN,NaN,NaN,NaN,NaN,NaN,NaN,NaN,NaN,NaN,NaN,NaN,NaN,NaN,NaN,NaN,NaN,NaN,NaN,NaN,NaN,NaN,NaN,NaN
4.2301e-05,3.6846e-05,2.7208e-05,2.1884e-05,2.2299e-05,2.81e-05,2.6552e-05,2.5254e-05,2.2054e-05,1.8769e-05,2.0773e-05,2.0097e-05,1.8834e-05,1.6717e-05,1.7727e-05,1.6292e-05,1.7493e-05,1.8365e-05,1.8006e-05,1.6193e-05,1.7967e-05,1.6774e-05,1.6712e-05,1.8819e-05,2.9603e-05,2.1844e-05,1.516e-05,1.3903e-05,2.1566e-05,1.4405e-05,1.7627e-05,2.0838e-05,1.8241e-05,1.3308e-05,2.2534e-05,1.9816e-05,1.7482e-05,1.873e-05,2.1698e-05,1.9209e-05,1.9055e-05,1.4963e-05,1.5206e-05,1.5153e-05,1.3518e-05,NaN,NaN,NaN,NaN,NaN,NaN,NaN,NaN,NaN,NaN,NaN,NaN,NaN,NaN,NaN,NaN,NaN,NaN,NaN,NaN
3.0282e-05,2.6074e-05,2.0416e-05,1.8066e-05,1.8384e-05,1.6126e-05,1.3551e-05,1.2073e-05,1.161e-05,1.1714e-05,1.112e-05,1.1161e-05,1.0199e-05,9.1774e-06,1.1166e-05,1.1572e-05,1.2176e-05,1.0461e-05,NaN,NaN,NaN,NaN,NaN,NaN,NaN,NaN,NaN,NaN,NaN,NaN,NaN,NaN,NaN,NaN,NaN,NaN,NaN,NaN,NaN,NaN,NaN,NaN,NaN,NaN,NaN,NaN,NaN,NaN,NaN,NaN,NaN,NaN,NaN,NaN,NaN,NaN,NaN,NaN,NaN,NaN,NaN,NaN,NaN,NaN,NaN,NaN,NaN,NaN,NaN,NaN,NaN,NaN
NaN,NaN,NaN,NaN,7.635e-06,NaN,1.0111e-05,1.0337e-05,8.1263e-06,8.9805e-06,9.2191e-06,7.9544e-06,8.1771e-06,9.3356e-06,9.0438e-06,9.2829e-06,1.2015e-05,1.3057e-05,8.5061e-06,NaN,NaN,NaN,NaN,NaN,NaN,NaN,NaN,NaN,NaN,NaN,NaN,NaN,NaN,NaN,NaN,NaN,NaN,NaN,NaN,NaN,NaN,NaN,NaN,NaN,NaN,NaN,NaN,NaN,NaN,NaN,NaN,NaN,NaN,NaN,NaN,NaN,NaN,NaN,NaN,NaN,NaN,NaN,NaN,NaN,NaN,NaN,NaN,NaN,NaN,NaN,NaN,NaN
5.4782e-05,4.5747e-05,2.8197e-05,3.1606e-05,2.4034e-05,2.5466e-05,2.1231e-05,2.0572e-05,1.7632e-05,1.9652e-05,1.812e-05,1.6124e-05,2.2182e-05,2.4953e-05,2.442e-05,1.97e-05,2.2795e-05,2.1414e-05,2.0032e-05,1.9038e-05,1.9578e-05,1.6403e-05,1.724e-05,1.8824e-05,1.997e-05,1.7565e-05,1.9878e-05,1.8024e-05,2.0512e-05,2.2937e-05,1.8658e-05,1.774e-05,1.948e-05,2.1843e-05,1.9058e-05,1.8237e-05,1.53e-05,1.8016e-05,2.2682e-05,2.6392e-05,2.1559e-05,1.6622e-05,1.7705e-05,1.9337e-05,1.6964e-05,2.115e-05,1.8982e-05,1.6994e-05,2.044e-05,1.6651e-05,1.9334e-05,1.6922e-05,1.3536e-05,NaN,NaN,NaN,NaN,NaN,NaN,NaN,NaN,NaN,NaN,NaN,NaN,NaN,NaN,NaN,NaN,NaN,NaN,NaN
3.2901e-05,2.4845e-05,2.1879e-05,1.6959e-05,1.4846e-05,1.4563e-05,1.2965e-05,1.2227e-05,1.234e-05,1.1708e-05,1.1644e-05,1.1133e-05,1.0172e-05,9.6044e-06,NaN,NaN,NaN,NaN,NaN,NaN,NaN,NaN,NaN,NaN,NaN,NaN,NaN,NaN,NaN,NaN,NaN,NaN,NaN,NaN,NaN,NaN,NaN,NaN,NaN,NaN,NaN,NaN,NaN,NaN,NaN,NaN,NaN,NaN,NaN,NaN,NaN,NaN,NaN,NaN,NaN,NaN,NaN,NaN,NaN,NaN,NaN,NaN,NaN,NaN,NaN,NaN,NaN,NaN,NaN,NaN,NaN,NaN,NaN
NaN,NaN,NaN,NaN,NaN,7.6139e-06,8.1925e-06,8.2511e-06,8.8138e-06,9.2378e-06,8.1403e-06,8.9297e-06,8.5568e-06,8.0838e-06,8.5826e-06,NaN,NaN,NaN,NaN,NaN,NaN,NaN,NaN,NaN,NaN,NaN,NaN,NaN,NaN,NaN,NaN,NaN,NaN,NaN,NaN,NaN,NaN,NaN,NaN,NaN,NaN,NaN,NaN,NaN,NaN,NaN,NaN,NaN,NaN,NaN,NaN,NaN,NaN,NaN,NaN,NaN,NaN,NaN,NaN,NaN,NaN,NaN,NaN,NaN,NaN,NaN,NaN,NaN,NaN,NaN,NaN,NaN,NaN
5.2102e-05,2.9127e-05,3.155e-05,2.9351e-05,2.8523e-05,3.1075e-05,1.9392e-05,2.2665e-05,1.8948e-05,2.4042e-05,1.8731e-05,2.0854e-05,1.7398e-05,2.0868e-05,1.7566e-05,2.0763e-05,1.7025e-05,2.115e-05,1.7515e-05,2.1925e-05,2.1962e-05,1.7371e-05,1.7113e-05,1.7229e-05,1.9182e-05,1.6101e-05,1.6889e-05,1.6706e-05,1.8224e-05,1.8819e-05,2.0806e-05,2.0816e-05,1.7066e-05,1.8746e-05,1.7804e-05,2.0038e-05,1.7036e-05,1.5175e-05,1.8837e-05,1.6627e-05,2.0295e-05,1.6309e-05,1.4447e-05,1.9451e-05,1.7776e-05,1.7124e-05,1.7114e-05,1.6222e-05,1.6043e-05,1.3904e-05,1.9289e-05,1.4649e-05,1.6515e-05,1.763e-05,1.6164e-05,1.3412e-05,1.576e-05,1.1632e-05,NaN,NaN,NaN,NaN,NaN,NaN,NaN,NaN,NaN,NaN,NaN,NaN,NaN,NaN,NaN
2.4725e-05,2.496e-05,2.152e-05,1.8274e-05,1.6871e-05,1.4508e-05,1.3633e-05,1.2093e-05,1.3037e-05,1.0979e-05,1.0473e-05,1.0577e-05,1.0923e-05,1.1776e-05,NaN,NaN,NaN,NaN,NaN,NaN,NaN,NaN,NaN,NaN,NaN,NaN,NaN,NaN,NaN,NaN,NaN,NaN,NaN,NaN,NaN,NaN,NaN,NaN,NaN,NaN,NaN,NaN,NaN,NaN,NaN,NaN,NaN,NaN,NaN,NaN,NaN,NaN,NaN,NaN
NaN,NaN,NaN,NaN,6.8875e-06,NaN,8.2148e-06,8.3994e-06,8.5653e-06,9.0235e-06,8.7695e-06,8.717e-06,7.7127e-06,9.3383e-06,7.0637e-06,NaN,NaN,NaN,NaN,NaN,NaN,NaN,NaN,NaN,NaN,NaN,NaN,NaN,NaN,NaN,NaN,NaN,NaN,NaN,NaN,NaN,NaN,NaN,NaN,NaN,NaN,NaN,NaN,NaN,NaN,NaN,NaN,NaN,NaN,NaN,NaN,NaN,NaN,NaN
6.446e-05,3.7107e-05,2.0963e-05,3.3425e-05,3.2767e-05,3.0231e-05,2.7343e-05,2.75e-05,3.272e-05,2.3877e-05,2.2155e-05,1.9174e-05,1.6275e-05,1.7318e-05,1.9983e-05,1.7134e-05,3.4808e-05,3.155e-05,2.5465e-05,2.2708e-05,2.1162e-05,1.8675e-05,1.9763e-05,2.1725e-05,1.9234e-05,2.0857e-05,2.206e-05,1.9667e-05,1.7892e-05,1.7079e-05,1.604e-05,1.4453e-05,2.026e-05,1.9898e-05,1.8881e-05,1.8691e-05,1.9669e-05,1.4259e-05,1.887e-05,NaN,NaN,NaN,NaN,NaN,NaN,NaN,NaN,NaN,NaN,NaN,NaN,NaN,NaN,NaN
2.6712e-05,2.1875e-05,1.8232e-05,1.7334e-05,1.6263e-05,1.4236e-05,1.2198e-05,1.3073e-05,1.1909e-05,1.1559e-05,1.1011e-05,1.046e-05,1.1528e-05,1.2513e-05,1.0215e-05,1.0645e-05,9.5288e-06,NaN,NaN,NaN,NaN,NaN,NaN,NaN,NaN,NaN,NaN,NaN,NaN,NaN,NaN,NaN,NaN,NaN,NaN,NaN,NaN,NaN,NaN,NaN,NaN,NaN,NaN,NaN,NaN,NaN,NaN,NaN,NaN,NaN,NaN,NaN,NaN,NaN
NaN,NaN,NaN,NaN,NaN,1.3457e-05,8.4208e-06,8.675e-06,8.2599e-06,7.9843e-06,8.1847e-06,9.8071e-06,9.0562e-06,9.8004e-06,9.5248e-06,8.4315e-06,8.0709e-06,8.8054e-06,NaN,NaN,NaN,NaN,NaN,NaN,NaN,NaN,NaN,NaN,NaN,NaN,NaN,NaN,NaN,NaN,NaN,NaN,NaN,NaN,NaN,NaN,NaN,NaN,NaN,NaN,NaN,NaN,NaN,NaN,NaN,NaN,NaN,NaN,NaN,NaN
5.2857e-05,4.4693e-05,3.4111e-05,2.5787e-05,3.0416e-05,2.3773e-05,2.3462e-05,1.7715e-05,1.7298e-05,1.8654e-05,2.0404e-05,1.9443e-05,1.8149e-05,1.9708e-05,2.019e-05,1.6867e-05,2.0881e-05,1.7247e-05,1.7246e-05,1.6542e-05,1.734e-05,1.6809e-05,1.8044e-05,1.6863e-05,1.8116e-05,1.5881e-05,1.7946e-05,1.7499e-05,1.8109e-05,1.6118e-05,1.8683e-05,1.6318e-05,1.6192e-05,1.5358e-05,1.4019e-05,1.4186e-05,NaN,NaN,NaN,NaN,NaN,NaN,NaN,NaN,NaN,NaN,NaN,NaN,NaN,NaN,NaN,NaN,NaN,NaN
2.8122e-05,2.3875e-05,1.787e-05,1.8822e-05,1.5661e-05,1.4305e-05,1.4783e-05,1.2551e-05,1.1946e-05,1.0975e-05,1.0806e-05,1.1249e-05,1.1991e-05,1.1273e-05,1.0441e-05,1.0034e-05,9.8516e-06,NaN,NaN,NaN,NaN,NaN,NaN,NaN,NaN,NaN,NaN,NaN,NaN,NaN,NaN,NaN,NaN,NaN,NaN,NaN,NaN,NaN,NaN,NaN,NaN,NaN,NaN,NaN,NaN,NaN,NaN,NaN,NaN,NaN
NaN,NaN,NaN,7.0796e-06,8.8482e-06,8.966e-06,9.8848e-06,1.0834e-05,8.4173e-06,8.8629e-06,7.9775e-06,9.1062e-06,8.7349e-06,7.9878e-06,1.0025e-05,7.412e-06,8.0285e-06,9.1211e-06,NaN,NaN,NaN,NaN,NaN,NaN,NaN,NaN,NaN,NaN,NaN,NaN,NaN,NaN,NaN,NaN,NaN,NaN,NaN,NaN,NaN,NaN,NaN,NaN,NaN,NaN,NaN,NaN,NaN,NaN,NaN,NaN
5.358e-05,3.306e-05,2.8873e-05,2.9099e-05,2.3459e-05,2.458e-05,2.4225e-05,2.5137e-05,2.7109e-05,2.4339e-05,1.9932e-05,1.7239e-05,1.8837e-05,2.0164e-05,1.9e-05,1.7894e-05,2.2665e-05,2.1135e-05,2.0707e-05,1.9148e-05,2.0386e-05,1.8947e-05,1.9335e-05,1.7555e-05,1.5592e-05,1.6249e-05,1.7252e-05,1.6855e-05,1.3548e-05,1.5562e-05,1.7674e-05,1.6295e-05,NaN,NaN,NaN,NaN,NaN,NaN,NaN,NaN,NaN,NaN,NaN,NaN,NaN,NaN,NaN,NaN,NaN,NaN
3.0333e-05,2.5848e-05,2.3291e-05,1.5385e-05,1.5724e-05,1.4863e-05,1.438e-05,1.3474e-05,1.2224e-05,1.1218e-05,1.1604e-05,1.0931e-05,1.1523e-05,1.0958e-05,1.2856e-05,1.2534e-05,9.4387e-06,1.0785e-05,7.2088e-06,NaN,NaN,NaN,NaN,NaN,NaN,NaN,NaN,NaN,NaN,NaN,NaN,NaN,NaN,NaN,NaN,NaN,NaN,NaN,NaN,NaN,NaN,NaN,NaN,NaN,NaN,NaN,NaN,NaN,NaN,NaN,NaN,NaN,NaN,NaN,NaN
NaN,NaN,NaN,NaN,9.0136e-06,9.6635e-06,8.3022e-06,7.9424e-06,8.6164e-06,8.9682e-06,9.2213e-06,8.1533e-06,1.0084e-05,8.6385e-06,8.3876e-06,8.5046e-06,9.3721e-06,9.084e-06,6.6149e-06,8.6689e-06,NaN,NaN,NaN,NaN,NaN,NaN,NaN,NaN,NaN,NaN,NaN,NaN,NaN,NaN,NaN,NaN,NaN,NaN,NaN,NaN,NaN,NaN,NaN,NaN,NaN,NaN,NaN,NaN,NaN,NaN,NaN,NaN,NaN,NaN,NaN
6.7271e-05,3.7078e-05,2.7664e-05,3.3267e-05,2.6081e-05,2.717e-05,3.1094e-05,2.4803e-05,2.2705e-05,1.9075e-05,1.8708e-05,2.349e-05,1.7716e-05,2.0222e-05,1.6387e-05,1.7492e-05,1.7775e-05,1.8454e-05,2.0479e-05,1.7683e-05,1.984e-05,1.9704e-05,1.9522e-05,1.6863e-05,1.8759e-05,1.6783e-05,2.027e-05,1.6915e-05,1.645e-05,1.6207e-05,1.689e-05,1.9459e-05,1.452e-05,1.4512e-05,1.3702e-05,NaN,NaN,NaN,NaN,NaN,NaN,NaN,NaN,NaN,NaN,NaN,NaN,NaN,NaN,NaN,NaN,NaN,NaN,NaN,NaN
2.5541e-05,2.5645e-05,2.204e-05,1.8275e-05,1.4907e-05,1.3606e-05,1.36e-05,1.219e-05,1.1981e-05,1.1385e-05,1.1281e-05,1.1674e-05,1.133e-05,1.0915e-05,9.9782e-06,9.2477e-06,NaN,NaN,NaN,NaN,NaN,NaN,NaN,NaN,NaN,NaN,NaN,NaN,NaN,NaN,NaN,NaN,NaN,NaN,NaN,NaN,NaN,NaN,NaN,NaN,NaN,NaN,NaN,NaN,NaN,NaN,NaN,NaN,NaN,NaN,NaN,NaN,NaN,NaN,NaN,NaN,NaN,NaN,NaN,NaN,NaN,NaN,NaN,NaN,NaN,NaN,NaN,NaN,NaN,NaN,NaN,NaN
NaN,NaN,NaN,NaN,NaN,8.6812e-06,8.2662e-06,9.7386e-06,9.8441e-06,8.5417e-06,8.7749e-06,8.8437e-06,8.754e-06,9.019e-06,8.9074e-06,8.6643e-06,8.0535e-06,NaN,NaN,NaN,NaN,NaN,NaN,NaN,NaN,NaN,NaN,NaN,NaN,NaN,NaN,NaN,NaN,NaN,NaN,NaN,NaN,NaN,NaN,NaN,NaN,NaN,NaN,NaN,NaN,NaN,NaN,NaN,NaN,NaN,NaN,NaN,NaN,NaN,NaN,NaN,NaN,NaN,NaN,NaN,NaN,NaN,NaN,NaN,NaN,NaN,NaN,NaN,NaN,NaN,NaN,NaN
5.4347e-05,4.6183e-05,2.6335e-05,2.8436e-05,1.9955e-05,2.5365e-05,2.5346e-05,2.9836e-05,3.737e-05,2.1366e-05,1.8269e-05,2.1703e-05,2.6731e-05,2.0824e-05,2.2755e-05,2.3623e-05,2.1437e-05,1.8147e-05,1.8392e-05,1.7609e-05,2.3223e-05,1.808e-05,2.3396e-05,1.9841e-05,2.1822e-05,1.7843e-05,2.0268e-05,1.671e-05,1.7265e-05,1.5354e-05,2.224e-05,1.8196e-05,2.4977e-05,2.0521e-05,2.1708e-05,2.3856e-05,1.9307e-05,2.1906e-05,1.8437e-05,2.1219e-05,2.2924e-05,1.7648e-05,1.9746e-05,2.3599e-05,1.9738e-05,1.6952e-05,1.7781e-05,1.7773e-05,1.8988e-05,1.5236e-05,1.5901e-05,1.6091e-05,1.9598e-05,1.4166e-05,1.3997e-05,NaN,NaN,NaN,NaN,NaN,NaN,NaN,NaN,NaN,NaN,NaN,NaN,NaN,NaN,NaN,NaN,NaN
3.6816e-05,2.9391e-05,1.7514e-05,1.6908e-05,1.5416e-05,1.4167e-05,1.3114e-05,1.2481e-05,1.2012e-05,1.0905e-05,1.0894e-05,1.0278e-05,9.0825e-06,1.0992e-05,1.0591e-05,NaN,NaN,NaN,NaN,NaN,NaN,NaN,NaN,NaN,NaN,NaN,NaN,NaN,NaN,NaN,NaN,NaN,NaN,NaN,NaN,NaN,NaN,NaN,NaN,NaN,NaN,NaN,NaN,NaN,NaN,NaN,NaN,NaN,NaN,NaN,NaN,NaN,NaN,NaN,NaN,NaN,NaN,NaN,NaN
NaN,NaN,NaN,NaN,7.9419e-06,9.1172e-06,9.6489e-06,9.1269e-06,8.6567e-06,9.0729e-06,9.3578e-06,8.3469e-06,9.2136e-06,8.3309e-06,6.5425e-06,1.0754e-05,NaN,NaN,NaN,NaN,NaN,NaN,NaN,NaN,NaN,NaN,NaN,NaN,NaN,NaN,NaN,NaN,NaN,NaN,NaN,NaN,NaN,NaN,NaN,NaN,NaN,NaN,NaN,NaN,NaN,NaN,NaN,NaN,NaN,NaN,NaN,NaN,NaN,NaN,NaN,NaN,NaN,NaN,NaN
5.5133e-05,2.6941e-05,3.5935e-05,2.4894e-05,2.2432e-05,2.2199e-05,1.7735e-05,1.7071e-05,1.6504e-05,1.797e-05,1.6891e-05,2.2741e-05,1.9303e-05,2.2156e-05,1.9537e-05,2.1275e-05,1.8055e-05,2.0685e-05,2.6918e-05,2.0751e-05,1.9747e-05,1.7987e-05,1.7042e-05,1.5537e-05,1.46e-05,1.721e-05,1.925e-05,1.6889e-05,1.97e-05,1.8003e-05,1.8604e-05,2.2018e-05,2.2723e-05,1.7854e-05,1.9266e-05,2.0093e-05,1.8538e-05,1.5638e-05,1.8333e-05,1.7037e-05,1.7398e-05,1.4438e-05,1.4541e-05,NaN,NaN,NaN,NaN,NaN,NaN,NaN,NaN,NaN,NaN,NaN,NaN,NaN,NaN,NaN,NaN
2.4104e-05,2.0507e-05,1.8697e-05,1.5371e-05,1.3183e-05,1.3148e-05,1.3913e-05,1.3094e-05,1.3153e-05,1.2256e-05,1.1559e-05,1.1718e-05,1.0969e-05,1.1494e-05,1.1203e-05,1.0269e-05,1.208e-05,1.1537e-05,8.3628e-06,NaN,NaN,NaN,NaN,NaN,NaN,NaN,NaN,NaN,NaN,NaN,NaN,NaN,NaN,NaN,NaN,NaN,NaN,NaN,NaN,NaN,NaN,NaN,NaN,NaN,NaN,NaN,NaN,NaN,NaN,NaN,NaN,NaN,NaN,NaN,NaN,NaN,NaN,NaN,NaN,NaN,NaN,NaN,NaN,NaN,NaN,NaN,NaN,NaN,NaN
NaN,NaN,NaN,NaN,NaN,7.4836e-06,8.3524e-06,7.1732e-06,8.383e-06,8.7423e-06,8.3465e-06,9.0333e-06,9.7129e-06,9.2758e-06,9.6831e-06,8.3898e-06,7.8469e-06,9.5502e-06,9.1813e-06,7.8961e-06,NaN,NaN,NaN,NaN,NaN,NaN,NaN,NaN,NaN,NaN,NaN,NaN,NaN,NaN,NaN,NaN,NaN,NaN,NaN,NaN,NaN,NaN,NaN,NaN,NaN,NaN,NaN,NaN,NaN,NaN,NaN,NaN,NaN,NaN,NaN,NaN,NaN,NaN,NaN,NaN,NaN,NaN,NaN,NaN,NaN,NaN,NaN,NaN,NaN
5.4064e-05,3.3921e-05,3.4211e-05,2.4709e-05,1.8361e-05,3.6134e-05,2.4037e-05,2.5152e-05,2.1467e-05,2.1938e-05,2.4927e-05,1.6708e-05,2.9388e-05,2.4079e-05,1.7396e-05,2.1126e-05,3.2861e-05,2.6046e-05,2.2338e-05,1.8823e-05,1.6168e-05,1.8958e-05,2.0296e-05,1.7578e-05,1.8158e-05,2.186e-05,1.8257e-05,1.8148e-05,2.1005e-05,1.9081e-05,1.7394e-05,1.7391e-05,1.7621e-05,1.5589e-05,1.707e-05,1.4797e-05,1.4668e-05,1.4579e-05,1.9481e-05,2.0634e-05,1.6817e-05,1.7468e-05,1.8218e-05,1.8496e-05,2.0599e-05,1.5377e-05,1.3706e-05,1.864e-05,1.3561e-05,NaN,NaN,NaN,NaN,NaN,NaN,NaN,NaN,NaN,NaN,NaN,NaN,NaN,NaN,NaN,NaN,NaN,NaN,NaN,NaN
